{
  "tier": "low",
  "fid_codec": "fidelity_v4_low",
  "nzn_codec": "neurozip_v4_low",
  "spatial": {
    "visual_cortex_nzn_to_fid_mse_ratio": 0.790145754814148,
    "other_channels_nzn_to_fid_mse_ratio": 0.9495730996131897,
    "spatial_preference_x_larger_in_visual": 4.161553527504571,
    "visual_pct_better": 20.985424518585205,
    "other_pct_better": 5.04269003868103
  },
  "temporal_erp_pct_tighter": {
    "P100": 16.185739517211914,
    "N170": 16.09939956665039,
    "P200": -3.184906482696533,
    "P300": 10.658559799194336
  },
  "compression": {
    "neurozip_bpp": 0.111,
    "neurozip_compression_ratio": 144
  },
  "_per_channel_mse": {
    "fidelity": [
      0.0240939911454916,
      0.0163225419819355,
      0.023194894194602966,
      0.025917211547493935,
      0.03129706531763077,
      0.01770198717713356,
      0.040385060012340546,
      0.01771826110780239,
      0.02609853819012642,
      0.03626984730362892,
      0.026170596480369568,
      0.023867642506957054,
      0.0393405519425869,
      0.022194255143404007,
      0.020626896992325783,
      0.02696484886109829,
      0.027281293645501137,
      0.026914188638329506,
      0.0564420260488987,
      0.03851331025362015,
      0.059507645666599274,
      0.035312220454216,
      0.03896966204047203,
      0.020116334781050682,
      0.02614489756524563,
      0.019837582483887672,
      0.03362342342734337,
      0.0262835081666708,
      0.046048521995544434,
      0.023150373250246048,
      0.04455869644880295,
      0.025131667032837868,
      0.04309136047959328,
      0.0338137112557888,
      0.022285640239715576,
      0.04615189507603645,
      0.03283386304974556,
      0.05822955444455147,
      0.03978435695171356,
      0.036824945360422134,
      0.03515785187482834,
      0.022055156528949738,
      0.01906544342637062,
      0.04852971062064171,
      0.03723897784948349,
      0.023863663896918297,
      0.028376147150993347,
      0.06514639407396317,
      0.04120504483580589,
      0.06402281671762466,
      0.03856413811445236,
      0.03895825520157814,
      0.045097716152668,
      0.07206230610609055,
      0.04148927703499794,
      0.0561491958796978,
      0.0913485661149025,
      0.07292461395263672,
      0.07780011743307114,
      0.05534715950489044,
      0.0639510378241539,
      0.12514778971672058,
      0.08357909321784973
    ],
    "neurozip": [
      0.019444497302174568,
      0.013892739079892635,
      0.02825562283396721,
      0.024857690557837486,
      0.03726719319820404,
      0.019613400101661682,
      0.03164377063512802,
      0.020501399412751198,
      0.020616738125681877,
      0.03298133611679077,
      0.0269201397895813,
      0.02796275168657303,
      0.03938772529363632,
      0.02328605018556118,
      0.01891893707215786,
      0.022882936522364616,
      0.02439773455262184,
      0.022379407659173012,
      0.045485250651836395,
      0.04082462936639786,
      0.049794115126132965,
      0.04345329478383064,
      0.031835246831178665,
      0.020739860832691193,
      0.023424943909049034,
      0.022088471800088882,
      0.03128848224878311,
      0.028984231874346733,
      0.041509971022605896,
      0.026205893605947495,
      0.040176745504140854,
      0.026254218071699142,
      0.04450095817446709,
      0.03122279979288578,
      0.019403496757149696,
      0.06635477393865585,
      0.03825252875685692,
      0.054475463926792145,
      0.0352151058614254,
      0.03877316042780876,
      0.03648056089878082,
      0.018729981034994125,
      0.01841655932366848,
      0.0362623892724514,
      0.04641154408454895,
      0.023985110223293304,
      0.020160255953669548,
      0.04011654853820801,
      0.03128974512219429,
      0.05930875986814499,
      0.03490396589040756,
      0.0330863855779171,
      0.03778421878814697,
      0.04942218214273453,
      0.029440835118293762,
      0.03499873727560043,
      0.0863465890288353,
      0.040444232523441315,
      0.052008699625730515,
      0.0452796146273613,
      0.04864845797419548,
      0.11012512445449829,
      0.07078004628419876
    ]
  }
}