{
  "raw": {
    "top1": 0.14499999582767487,
    "top5": 0.45499998331069946,
    "top10": 0.625
  },
  "RQ-VAE@v4proto": {
    "mse": 0.024009080603718758,
    "var_exp": 0.32011296763745034,
    "ratio": 65.625,
    "top1": 0.09999999403953552,
    "top5": 0.2849999964237213,
    "top10": 0.4599999785423279
  },
  "v4-scalar@v4proto": {
    "mse": 0.023399965837597847,
    "var_exp": 0.33736182599823283,
    "ratio": 62.662116413904634,
    "top1": 0.08500000089406967,
    "top5": 0.28999999165534973,
    "top10": 0.4599999785423279
  },
  "RQ-VAE@avg": {
    "mse": 0.007087827194482088,
    "var_exp": 0.7992875330507824,
    "ratio": 71.5909090909091,
    "top1": 0.125,
    "top5": 0.41499999165534973,
    "top10": 0.5799999833106995
  },
  "scalar@avg": {
    "mse": 0.007158750202506781,
    "var_exp": 0.797279141548916,
    "ratio": 72.70535759944518,
    "top1": 0.14499999582767487,
    "top5": 0.3799999952316284,
    "top10": 0.574999988079071
  },
  "v4arch@avg": {
    "mse": 0.01895294338464737,
    "var_exp": 0.46329221659877173,
    "ratio": 156.07700241526572,
    "top1": 0.054999999701976776,
    "top5": 0.23999999463558197,
    "top10": 0.35999998450279236
  }
}