{
  "raw": {
    "top1": 0.14499999582767487,
    "top5": 0.45499998331069946,
    "top10": 0.625
  },
  "RQ-VAE": {
    "mse": 0.007373396772891283,
    "var_exp": 0.7912007988520734,
    "ratio": 71.5909090909091,
    "top1": 0.1599999964237213,
    "top5": 0.4050000011920929,
    "top10": 0.5999999642372131
  },
  "scalar-attn": {
    "mse": 0.006963037420064211,
    "var_exp": 0.8028213189044989,
    "ratio": 72.06370922507803,
    "top1": 0.14999999105930328,
    "top5": 0.3999999761581421,
    "top10": 0.574999988079071
  },
  "v4-conv-avg": {
    "mse": 0.009817985817790031,
    "var_exp": 0.721975141338775,
    "ratio": 108.46790782573333,
    "top1": 0.14499999582767487,
    "top5": 0.38999998569488525,
    "top10": 0.550000011920929
  },
  "v4-single-trial": {
    "mse": 0.03167291358113289,
    "var_exp": 0.10308921960066464,
    "ratio": 63.67585248235036,
    "top1": 0.07999999821186066,
    "top5": 0.25,
    "top10": 0.38499999046325684
  }
}