{
  "raw": {
    "top1": 0.14499999582767487,
    "top5": 0.45499998331069946,
    "top10": 0.625
  },
  "RQ-VAE@v4proto": {
    "mse": 0.024009080603718758,
    "var_exp": 0.32011296763745034,
    "ratio": 65.625,
    "top1": 0.09999999403953552,
    "top5": 0.2849999964237213,
    "top10": 0.4599999785423279
  },
  "v4-scalar@v4proto": {
    "mse": 0.023399965837597847,
    "var_exp": 0.33736182599823283,
    "ratio": 62.662116413904634,
    "top1": 0.08500000089406967,
    "top5": 0.28999999165534973,
    "top10": 0.4599999785423279
  },
  "RQ-VAE@avg": {
    "mse": 0.005917293019592762,
    "var_exp": 0.8324346168387882,
    "ratio": 71.5909090909091,
    "top1": 0.14000000059604645,
    "top5": 0.3999999761581421,
    "top10": 0.5799999833106995
  },
  "scalar@avg": {
    "mse": 0.005176509264856577,
    "var_exp": 0.8534120660357375,
    "ratio": 63.127308408250194,
    "top1": 0.14000000059604645,
    "top5": 0.41999998688697815,
    "top10": 0.5949999690055847
  }
}