{
  "raw": {
    "top1": 0.14499999582767487,
    "top5": 0.45499998331069946,
    "top10": 0.625
  },
  "RVQ_72x": {
    "mse": 0.005917293019592762,
    "var_exp": 0.8324346168387882,
    "ratio": 71.5909090909091,
    "top1": 0.14000000059604645,
    "top5": 0.3999999761581421,
    "top10": 0.5799999833106995
  },
  "v4_72x": {
    "mse": 0.00822062510997057,
    "var_exp": 0.7672090613366821,
    "ratio": 72.03578675176102,
    "top1": 0.14000000059604645,
    "top5": 0.4099999964237213,
    "top10": 0.5550000071525574
  },
  "v4_baseline_singletrial": {
    "mse": 0.023399965837597847,
    "var_exp": 0.33736182599823283,
    "ratio": 62.662116413904634,
    "top1": 0.08500000089406967,
    "top5": 0.28999999165534973,
    "top10": 0.4599999785423279
  }
}